Script,Mean,Std dev,Median
argparser_wrapper.sh,138.497,2.0381720106863335,138.0
docopts_wrapper.sh,23.489,5.789766869261699,24.0
getopt_wrapper.sh,16.56,4.707925717825693,17.0
getopts_wrapper.sh,14.926,4.211206271160112,15.0
shflags_wrapper.sh,211.313,42.96147948709074,225.0
