Script,Mean,Std dev,Median
argparser_wrapper.sh,138.758,2.479028354331911,138.0
docopts_wrapper.sh,23.521,7.075848120658521,23.0
getopt_wrapper.sh,17.514,5.234042338307862,19.0
getopts_wrapper.sh,15.286,4.482666427283912,16.0
shflags_wrapper.sh,209.409,47.234000145761236,217.0
